Month,Force,Neighbourhood,Burglary,Robbery,Vehicle crime,Violent crime,Anti-social behaviour,Criminal damage and arson,Shoplifting,Other theft,Drugs,Public disorder and weapons,Other crime
2012-07,Metropolitan Police,00ASHD,13,3,9,30,66,9,2,8,8,2,1
2012-07,Metropolitan Police,00ASHE,10,3,9,26,51,6,9,26,4,4,1
2012-07,Metropolitan Police,00ASHB,14,2,15,27,69,12,0,13,4,4,4
2012-07,Metropolitan Police,00ASHC,9,0,11,10,32,7,8,14,2,0,6
2012-07,Metropolitan Police,00ASHA,11,6,9,26,83,9,4,25,7,9,4
2012-07,Metropolitan Police,00BBGW,8,8,10,17,54,8,0,7,10,2,4
2012-07,Metropolitan Police,00BFGS,4,0,8,8,25,5,0,5,1,0,0
2012-07,Metropolitan Police,00BDGD,9,2,8,16,32,8,0,2,2,7,5
2012-07,Metropolitan Police,00ALHA,11,0,9,10,42,4,0,11,3,0,5
2012-07,Metropolitan Police,00ALHC,11,5,8,42,66,16,5,14,14,9,17
2012-07,Metropolitan Police,00ALHB,12,12,19,30,76,11,15,69,8,9,15
2012-07,Metropolitan Police,00ALHE,15,4,10,42,59,20,4,21,5,6,11
2012-07,Metropolitan Police,00ALHD,21,11,17,30,91,15,3,21,7,4,13
2012-07,Metropolitan Police,00ALHG,9,5,2,26,53,6,1,14,7,6,3
2012-07,Metropolitan Police,00ALHF,4,4,11,39,119,9,34,47,7,10,7
2012-07,Metropolitan Police,00BFGP,4,0,6,10,15,3,0,4,1,0,3
2012-07,Metropolitan Police,00BFGW,6,0,8,9,21,8,1,3,1,0,2
2012-07,Metropolitan Police,00BFGU,3,1,4,16,40,7,0,12,2,3,3
2012-07,Metropolitan Police,00BBGU,16,25,23,68,189,20,52,237,32,19,29
2012-07,Metropolitan Police,00BFGT,9,2,12,16,28,3,6,8,0,2,3
2012-07,Metropolitan Police,00BGFY,8,3,19,31,107,12,5,25,12,5,16
2012-07,Metropolitan Police,00BGFX,21,12,9,27,159,11,10,37,21,10,5
2012-07,Metropolitan Police,00BGFZ,22,5,9,20,108,11,3,31,12,4,5
2012-07,Metropolitan Police,00BHFZ,16,11,15,16,48,8,3,15,4,2,7
2012-07,Metropolitan Police,00BHFX,7,5,29,20,65,12,0,13,5,3,10
2012-07,Metropolitan Police,00BHFY,11,5,15,22,71,10,0,25,9,5,6
2012-07,Metropolitan Police,00BGFW,18,5,16,27,90,12,3,37,2,6,4
2012-07,Metropolitan Police,00BFGF,9,1,6,7,19,7,7,7,2,2,1
2012-07,Metropolitan Police,00BBGG,17,14,15,23,113,13,16,53,17,5,11
2012-07,Metropolitan Police,00BBGF,8,5,24,16,44,8,1,36,4,6,15
2012-07,Metropolitan Police,00BBGE,12,4,18,21,57,7,0,24,2,1,8
2012-07,Metropolitan Police,00BBGD,17,6,31,32,85,10,1,23,4,6,22
2012-07,Metropolitan Police,00BBGC,4,13,19,19,66,8,1,35,12,2,13
2012-07,Metropolitan Police,00BBGB,9,9,25,24,82,13,27,44,3,9,24
2012-07,Metropolitan Police,00BBGN,4,11,9,19,65,7,4,30,18,4,4
2012-07,Metropolitan Police,00BBGM,11,11,11,23,55,3,2,22,5,2,12
2012-07,Metropolitan Police,00BBGL,21,16,14,38,106,10,3,33,24,4,9
2012-07,Metropolitan Police,00BBGK,12,4,20,31,78,10,2,21,10,6,5
2012-07,Metropolitan Police,00BBGJ,6,6,17,21,52,6,1,11,10,3,9
2012-07,Metropolitan Police,00BBGH,6,11,5,19,35,8,1,15,4,2,3
2012-07,Metropolitan Police,00AKHF,9,2,14,26,50,8,3,12,2,1,6
2012-07,Metropolitan Police,00AKHG,25,9,32,31,109,13,12,24,10,5,9
2012-07,Metropolitan Police,00AKHD,13,5,10,10,44,6,0,11,0,2,3
2012-07,Metropolitan Police,00AKHE,4,6,9,11,30,9,2,10,1,3,3
2012-07,Metropolitan Police,00AKHB,9,7,12,19,51,11,10,21,5,5,13
2012-07,Metropolitan Police,00AKHC,15,2,6,11,65,4,5,10,3,6,10
2012-07,Metropolitan Police,00BBGQ,11,17,15,22,79,6,0,18,2,3,13
2012-07,Metropolitan Police,00AKHA,26,3,7,16,67,19,4,21,4,2,8
2012-07,Metropolitan Police,00AKHH,13,0,25,8,32,4,1,10,0,2,8
2012-07,Metropolitan Police,00BBGX,19,3,8,20,71,9,2,20,12,6,12
2012-07,Metropolitan Police,00AFGZ,10,3,11,7,32,7,1,8,6,1,5
2012-07,Metropolitan Police,00AFGX,8,10,23,31,90,13,8,30,5,15,12
2012-07,Metropolitan Police,00AFGY,13,0,5,15,12,4,2,13,0,1,3
2012-07,Metropolitan Police,00AFGW,16,2,8,19,79,12,7,22,0,4,8
2012-07,Metropolitan Police,00AFGT,12,3,9,19,31,16,3,28,6,4,12
2012-07,Metropolitan Police,00AFGU,5,3,6,19,37,8,6,12,3,2,12
2012-07,Metropolitan Police,00AFGR,9,1,2,6,23,4,3,8,3,5,8
2012-07,Metropolitan Police,00AFGS,8,1,12,5,28,7,1,11,3,0,6
2012-07,Metropolitan Police,00AFGP,8,8,9,18,46,7,0,16,3,0,2
2012-07,Metropolitan Police,00AFGQ,4,0,4,4,26,2,1,3,0,1,1
2012-07,Metropolitan Police,00AFGN,20,1,12,25,63,31,0,10,2,7,3
2012-07,Metropolitan Police,00AFGL,8,2,20,18,35,6,3,27,6,7,2
2012-07,Metropolitan Police,00AFGM,22,3,16,24,69,25,5,31,7,6,11
2012-07,Metropolitan Police,00AFGJ,14,1,22,9,48,8,7,21,5,1,9
2012-07,Metropolitan Police,00AFGK,9,4,11,9,29,6,2,10,8,2,5
2012-07,Metropolitan Police,00AFGH,18,0,10,6,25,5,0,11,2,2,7
2012-07,Metropolitan Police,00AFGF,4,0,5,15,42,9,0,5,2,7,4
2012-07,Metropolitan Police,00AFGG,13,6,12,35,53,8,32,57,20,13,9
2012-07,Metropolitan Police,00AFGD,6,2,21,11,29,10,2,7,5,3,4
2012-07,Metropolitan Police,00AFGE,5,0,7,5,35,7,8,12,0,0,11
2012-07,Metropolitan Police,00BAFZ,9,2,14,10,44,4,7,13,5,1,11
2012-07,Metropolitan Police,00BAFY,7,2,5,3,16,1,6,8,2,2,3
2012-07,Metropolitan Police,00BAFX,6,1,8,19,33,5,0,12,3,2,8
2012-07,Metropolitan Police,00BGGC,15,3,14,28,111,13,1,23,12,3,4
2012-07,Metropolitan Police,00AMGA,12,6,8,18,56,3,6,20,6,11,6
2012-07,Metropolitan Police,00AMGC,11,11,14,50,100,11,8,30,14,7,2
2012-07,Metropolitan Police,00AMGB,1,2,12,10,45,4,0,12,8,2,1
2012-07,Metropolitan Police,00AMGE,13,12,17,48,81,13,12,90,8,6,14
2012-07,Metropolitan Police,00AMGD,16,3,14,18,42,5,1,26,9,2,5
2012-07,Metropolitan Police,00AMGG,5,5,10,25,64,8,12,24,9,5,10
2012-07,Metropolitan Police,00AMGF,17,3,12,19,85,5,5,59,7,6,0
2012-07,Metropolitan Police,00AMGH,4,2,29,25,59,9,0,13,9,7,2
2012-07,Metropolitan Police,00AMGK,13,1,9,24,72,6,1,35,9,5,5
2012-07,Metropolitan Police,00AMGJ,28,13,29,35,89,19,1,205,24,12,10
2012-07,Metropolitan Police,00AMGM,16,1,13,19,60,4,3,21,4,6,4
2012-07,Metropolitan Police,00AMGL,4,4,9,18,43,7,0,8,4,5,2
2012-07,Metropolitan Police,00AMGN,5,3,8,6,49,0,2,12,5,4,3
2012-07,Metropolitan Police,00AMGQ,13,8,24,29,76,17,1,87,5,4,4
2012-07,Metropolitan Police,00AMGP,9,4,14,23,55,10,9,16,1,4,3
2012-07,Metropolitan Police,00AMGS,14,7,12,26,80,9,4,49,11,15,5
2012-07,Metropolitan Police,00AMGR,8,1,12,16,56,5,0,6,10,5,3
2012-07,Metropolitan Police,00AMGU,11,10,14,19,59,9,1,43,1,6,5
2012-07,Metropolitan Police,00ATFZ,11,4,20,21,47,5,1,30,4,1,12
2012-07,Metropolitan Police,00ATFY,6,0,12,20,67,7,2,11,5,1,7
2012-07,Metropolitan Police,00BKGB,17,9,14,7,42,13,1,34,9,3,9
2012-07,Metropolitan Police,00AJGR,6,2,11,17,16,6,7,16,3,3,22
2012-07,Metropolitan Police,00AJGS,12,3,7,20,46,12,1,10,6,1,5
2012-07,Metropolitan Police,00AJGP,8,3,14,15,33,4,0,5,2,9,3
2012-07,Metropolitan Police,00AJGQ,8,1,12,11,22,2,2,14,0,2,5
2012-07,Metropolitan Police,00AJGW,28,5,21,26,42,15,4,14,3,7,15
2012-07,Metropolitan Police,00AJGT,11,12,11,34,91,13,6,17,5,2,5
2012-07,Metropolitan Police,00AJGU,11,1,17,40,64,10,2,19,20,5,1
2012-07,Metropolitan Police,00AJGZ,10,8,16,36,80,12,1,12,21,9,7
2012-07,Metropolitan Police,00AJGX,6,2,13,36,136,13,5,31,11,10,16
2012-07,Metropolitan Police,00AJGY,84,9,6,43,105,15,8,34,15,5,12
2012-07,Metropolitan Police,00AJGC,18,2,20,41,83,6,13,21,12,9,9
2012-07,Metropolitan Police,00AJGF,13,3,10,29,73,16,26,81,7,11,7
2012-07,Metropolitan Police,00AJGG,9,2,25,20,37,9,4,10,0,2,5
2012-07,Metropolitan Police,00AJGD,17,2,17,20,47,11,0,14,10,11,1
2012-07,Metropolitan Police,00AJGE,8,3,5,18,47,4,0,12,10,8,8
2012-07,Metropolitan Police,00AJGJ,23,5,13,31,67,32,5,18,3,11,8
2012-07,Metropolitan Police,00AJGK,21,8,21,37,102,10,8,20,6,10,18
2012-07,Metropolitan Police,00AJGH,22,7,41,43,75,14,7,42,6,5,18
2012-07,Metropolitan Police,00AJGN,16,3,8,19,52,6,0,15,2,7,2
2012-07,Metropolitan Police,00AJGL,14,3,12,10,60,7,5,12,3,2,9
2012-07,Metropolitan Police,00AJGM,15,5,17,18,47,8,1,16,2,5,4
2012-07,Metropolitan Police,00ANGF,6,3,11,15,47,3,2,19,5,2,7
2012-07,Metropolitan Police,00AHGU,10,0,8,5,19,11,1,5,1,0,2
2012-07,Metropolitan Police,00ANGE,10,6,9,15,54,6,7,31,7,11,2
2012-07,Metropolitan Police,00AHGP,16,7,15,9,45,7,4,19,3,3,3
2012-07,Metropolitan Police,00AHGQ,9,1,18,12,28,5,3,1,1,0,1
2012-07,Metropolitan Police,00AEHA,13,11,18,42,92,12,6,28,31,6,10
2012-07,Metropolitan Police,00AEHB,19,5,8,21,41,8,1,15,10,2,3
2012-07,Metropolitan Police,00AEHC,18,3,11,20,33,5,2,24,28,3,4
2012-07,Metropolitan Police,00AEHD,9,2,11,23,53,2,1,15,10,7,12
2012-07,Metropolitan Police,00AEHE,12,10,4,31,103,14,14,34,19,14,13
2012-07,Metropolitan Police,00AEHF,9,7,11,30,86,7,2,21,21,7,10
2012-07,Metropolitan Police,00AMGT,12,3,15,22,49,6,5,34,6,6,4
2012-07,Metropolitan Police,00AWGR,11,0,4,14,38,1,5,38,1,3,9
2012-07,Metropolitan Police,00AWGQ,12,3,15,13,64,8,0,11,2,7,8
2012-07,Metropolitan Police,00AWGP,6,4,9,11,25,4,12,34,2,2,6
2012-07,Metropolitan Police,00AHGX,3,2,13,9,30,4,2,5,3,0,1
2012-07,Metropolitan Police,00ANGK,9,0,16,7,18,3,0,14,4,2,0
2012-07,Metropolitan Police,00AWGG,7,3,8,8,20,5,18,32,2,1,9
2012-07,Metropolitan Police,00AWGF,5,5,9,32,45,12,7,37,14,9,9
2012-07,Metropolitan Police,00AWGE,6,0,1,17,53,2,9,28,13,2,2
2012-07,Metropolitan Police,00AWGD,5,4,5,11,45,3,1,15,4,2,1
2012-07,Metropolitan Police,00AWGC,14,1,6,9,31,6,4,42,7,3,7
2012-07,Metropolitan Police,00AHGZ,15,8,16,23,61,6,6,11,5,4,6
2012-07,Metropolitan Police,00AWGA,3,1,5,3,39,3,14,47,6,2,6
2012-07,Metropolitan Police,00AWGN,21,0,5,5,37,11,1,15,5,1,3
2012-07,Metropolitan Police,00AWGM,10,2,5,9,17,2,8,37,2,1,7
2012-07,Metropolitan Police,00AWGL,6,4,6,3,41,5,7,49,2,2,7
2012-07,Metropolitan Police,00AWGK,8,9,6,15,42,8,1,17,7,2,2
2012-07,Metropolitan Police,00AWGJ,6,6,10,8,26,9,0,20,3,5,1
2012-07,Metropolitan Police,00BJGN,8,9,17,7,36,7,4,26,5,7,7
2012-07,Metropolitan Police,00AWGH,6,5,12,4,24,2,6,16,5,1,4
2012-07,Metropolitan Police,00AYGU,10,12,5,27,52,10,0,12,6,8,10
2012-07,Metropolitan Police,00AYGT,11,7,17,22,49,15,1,21,2,9,11
2012-07,Metropolitan Police,00AYGW,12,7,8,33,73,9,0,29,9,9,7
2012-07,Metropolitan Police,00AYGQ,12,5,10,14,57,5,4,16,3,4,8
2012-07,Metropolitan Police,00AYGP,15,29,13,20,67,15,2,18,3,5,8
2012-07,Metropolitan Police,00AYGS,10,4,21,16,31,4,1,10,3,0,3
2012-07,Metropolitan Police,00AYGR,13,5,14,24,71,9,3,18,1,2,2
2012-07,Metropolitan Police,00AYGM,14,6,11,28,72,16,9,28,8,10,3
2012-07,Metropolitan Police,00AYGL,8,16,5,28,87,12,7,49,15,7,3
2012-07,Metropolitan Police,00AYGN,10,7,14,25,55,6,0,21,4,3,5
2012-07,Metropolitan Police,00AYGH,16,4,12,21,60,11,1,16,6,5,7
2012-07,Metropolitan Police,00AYGK,13,14,12,33,97,11,3,51,16,7,10
2012-07,Metropolitan Police,00AYGJ,17,9,13,35,65,10,0,45,10,10,6
2012-07,Metropolitan Police,00AYGE,19,23,8,33,76,13,10,63,7,14,5
2012-07,Metropolitan Police,00AXFZ,12,3,5,15,51,3,6,14,2,4,2
2012-07,Metropolitan Police,00AXFY,4,1,1,10,26,1,0,8,1,1,5
2012-07,Metropolitan Police,00AXFX,4,1,6,6,12,6,3,6,0,1,1
2012-07,Metropolitan Police,00AHX1,12,8,10,27,73,10,3,15,6,3,1
2012-07,Metropolitan Police,00AYGC,14,8,20,25,58,10,3,85,6,5,12
2012-07,Metropolitan Police,00AYGB,9,5,20,14,37,1,1,47,8,3,4
2012-07,Metropolitan Police,00BEGL,14,13,14,26,78,10,0,70,13,5,5
2012-07,Metropolitan Police,00BEGM,16,11,14,30,71,10,6,28,13,9,4
2012-07,Metropolitan Police,00BEGN,10,14,10,23,56,7,4,37,8,5,6
2012-07,Metropolitan Police,00BEGH,15,0,6,9,26,9,1,17,4,4,4
2012-07,Metropolitan Police,00BEGJ,8,19,6,39,92,18,8,55,16,11,10
2012-07,Metropolitan Police,00BEGK,20,23,3,32,54,7,2,27,10,8,9
2012-07,Metropolitan Police,00BEGD,13,14,7,47,74,7,9,41,18,13,11
2012-07,Metropolitan Police,00BEGE,28,22,10,31,118,8,4,144,7,6,8
2012-07,Metropolitan Police,00BEGF,8,22,11,27,68,10,5,68,8,9,13
2012-07,Metropolitan Police,00BEGG,8,5,11,14,48,8,0,11,2,5,7
2012-07,Metropolitan Police,00BKGD,11,2,3,13,70,3,2,16,7,4,5
2012-07,Metropolitan Police,00BEGC,8,8,15,25,50,10,0,19,10,3,6
2012-07,Metropolitan Police,00BKGE,1,3,5,10,93,6,0,15,3,4,5
2012-07,Metropolitan Police,00BEGX,14,5,11,14,49,3,0,23,4,1,4
2012-07,Metropolitan Police,00BEGY,17,18,36,42,85,19,19,35,16,10,9
2012-07,Metropolitan Police,00BEGZ,18,4,18,8,39,9,0,15,4,2,3
2012-07,Metropolitan Police,00BEGT,8,12,9,25,72,11,6,35,13,14,5
2012-07,Metropolitan Police,00BEGU,9,6,13,28,87,10,14,16,11,5,8
2012-07,Metropolitan Police,00BJGL,23,5,27,28,88,14,5,21,4,2,4
2012-07,Metropolitan Police,00BEGW,7,6,10,26,60,3,2,13,8,3,21
2012-07,Metropolitan Police,00BEGP,5,7,4,19,42,7,0,8,4,6,11
2012-07,Metropolitan Police,00BEGQ,6,15,12,42,47,7,3,23,32,12,12
2012-07,Metropolitan Police,00BEGR,6,3,5,12,27,6,1,14,5,0,2
2012-07,Metropolitan Police,00BEGS,13,11,10,23,59,7,4,85,22,10,11
2012-07,Metropolitan Police,00BKGU,9,8,8,23,69,14,0,15,9,2,5
2012-07,Metropolitan Police,00BKGA,7,2,16,9,33,4,0,18,2,4,7
2012-07,Metropolitan Police,00BDFW,6,0,16,7,26,2,1,18,0,0,4
2012-07,Metropolitan Police,00BDFZ,11,1,7,6,26,4,2,13,8,1,2
2012-07,Metropolitan Police,00BDFX,7,3,15,8,24,2,5,16,1,1,2
2012-07,Metropolitan Police,00BDFY,14,0,5,6,26,2,3,5,2,2,6
2012-07,Metropolitan Police,00BCGT,9,8,20,32,64,7,8,27,15,3,1
2012-07,Metropolitan Police,00BCGU,13,7,23,10,35,5,1,9,5,2,6
2012-07,Metropolitan Police,00BCGR,19,1,24,25,85,7,6,13,9,4,7
2012-07,Metropolitan Police,00BCGS,10,1,21,9,28,4,0,11,1,2,4
2012-07,Metropolitan Police,00BCGP,8,6,20,13,31,4,1,13,12,0,12
2012-07,Metropolitan Police,00BCGQ,7,3,9,9,31,12,0,7,1,1,0
2012-07,Metropolitan Police,00BCGN,10,1,19,6,22,2,0,3,1,0,3
2012-07,Metropolitan Police,00BCGL,13,13,14,20,106,7,3,18,15,8,8
2012-07,Metropolitan Police,00BCGM,11,4,19,13,33,3,0,5,10,1,4
2012-07,Metropolitan Police,00BCGJ,9,1,16,17,35,5,1,13,2,1,5
2012-07,Metropolitan Police,00BCGK,12,3,13,30,67,11,1,5,9,7,4
2012-07,Metropolitan Police,00BCGH,9,1,11,16,49,11,1,9,8,2,4
2012-07,Metropolitan Police,00BCGF,9,2,17,18,55,6,0,9,24,0,2
2012-07,Metropolitan Police,00BCGG,7,6,12,19,34,5,4,39,9,4,3
2012-07,Metropolitan Police,00BCGD,11,3,16,13,46,8,1,4,12,0,4
2012-07,Metropolitan Police,00BCGE,11,13,14,35,101,15,29,55,15,4,12
2012-07,Metropolitan Police,00BCGB,13,2,11,17,72,7,1,7,4,2,12
2012-07,Metropolitan Police,00BCGC,7,5,40,12,40,7,1,17,4,5,9
2012-07,Metropolitan Police,00BCGA,11,4,8,12,30,4,1,5,2,0,2
2012-07,Metropolitan Police,00ALGX,7,4,6,44,77,16,1,14,7,7,6
2012-07,Metropolitan Police,00ALGY,21,6,15,27,95,12,23,53,7,12,9
2012-07,Metropolitan Police,00ALGZ,5,0,6,10,21,7,0,6,1,1,3
2012-07,Metropolitan Police,00BKGP,12,10,12,9,49,5,2,43,1,3,8
2012-07,Metropolitan Police,00ALGP,17,4,15,22,64,7,4,10,10,5,8
2012-07,Metropolitan Police,00ALGQ,5,3,17,6,44,4,0,16,0,4,10
2012-07,Metropolitan Police,00ALGR,16,7,17,38,96,20,1,23,8,2,12
2012-07,Metropolitan Police,00ALGS,10,0,14,16,56,15,2,12,2,1,6
2012-07,Metropolitan Police,00ALGT,8,0,21,12,30,2,8,19,4,5,6
2012-07,Metropolitan Police,00ALGU,3,3,11,6,30,8,3,13,1,4,4
2012-07,Metropolitan Police,00ALGW,2,1,4,14,27,4,1,6,2,3,2
2012-07,Metropolitan Police,00BKGR,4,2,3,8,63,9,3,13,4,3,3
2012-07,Metropolitan Police,00AGGG,15,1,3,17,49,6,3,26,10,4,18
2012-07,Metropolitan Police,00AGGF,21,15,27,65,109,19,22,184,95,22,17
2012-07,Metropolitan Police,00AGGE,40,10,24,44,112,14,18,219,8,10,20
2012-07,Metropolitan Police,00AGGD,10,2,11,5,33,8,2,26,3,7,3
2012-07,Metropolitan Police,00AGGN,21,2,17,17,57,4,0,21,6,3,5
2012-07,Metropolitan Police,00AGGM,7,5,9,26,40,8,2,37,6,2,1
2012-07,Metropolitan Police,00AGGL,14,2,15,19,31,5,7,32,2,7,6
2012-07,Metropolitan Police,00AGGK,4,0,5,14,43,6,0,10,3,2,3
2012-07,Metropolitan Police,00AGGJ,18,0,21,6,25,6,1,16,0,3,5
2012-07,Metropolitan Police,00AGGH,8,1,9,16,31,5,0,16,0,1,2
2012-07,Metropolitan Police,00AGGW,9,2,10,8,49,9,2,26,4,2,6
2012-07,Metropolitan Police,00AGGU,7,7,20,24,141,14,0,47,4,11,4
2012-07,Metropolitan Police,00AGGT,16,8,5,33,103,9,4,72,18,16,6
2012-07,Metropolitan Police,00AGGS,24,8,11,25,132,12,0,102,17,14,12
2012-07,Metropolitan Police,00AGGR,10,4,32,25,86,10,14,29,20,5,8
2012-07,Metropolitan Police,00AGGQ,15,5,12,21,78,12,7,26,6,6,6
2012-07,Metropolitan Police,00AGGP,33,21,27,38,145,10,31,220,24,13,24
2012-07,Metropolitan Police,00AGGX,12,3,11,23,53,6,1,12,9,4,3
2012-07,Metropolitan Police,00BHGA,12,3,7,16,33,3,4,8,2,0,7
2012-07,Metropolitan Police,00AKGZ,12,5,19,11,45,1,6,18,3,1,5
2012-07,Metropolitan Police,00AKGY,9,7,18,19,70,8,0,7,5,6,3
2012-07,Metropolitan Police,00AKGX,9,8,9,18,46,5,1,14,8,2,3
2012-07,Metropolitan Police,00BHGE,8,4,18,15,27,5,0,9,2,0,0
2012-07,Metropolitan Police,00BHGD,6,2,17,16,46,9,0,6,9,2,11
2012-07,Metropolitan Police,00BHGG,15,13,12,45,104,11,16,74,14,10,9
2012-07,Metropolitan Police,00BHGF,18,8,15,11,48,7,0,7,1,0,5
2012-07,Metropolitan Police,00AKGS,14,2,17,23,60,9,1,3,5,6,9
2012-07,Metropolitan Police,00AKGR,15,2,22,20,72,13,7,18,1,6,10
2012-07,Metropolitan Police,00AKGQ,25,7,26,45,111,21,17,27,18,11,14
2012-07,Metropolitan Police,00AKGP,14,3,7,12,29,5,1,9,6,5,2
2012-07,Metropolitan Police,00AKGW,8,0,3,15,32,5,1,6,0,3,3
2012-07,Metropolitan Police,00BHGL,15,5,24,32,107,8,2,20,4,3,14
2012-07,Metropolitan Police,00AKGU,12,4,18,16,61,8,0,6,6,1,6
2012-07,Metropolitan Police,00AKGT,6,2,11,11,31,5,4,7,0,1,3
2012-07,Metropolitan Police,00BHGQ,10,3,24,14,40,12,8,35,2,2,45
2012-07,Metropolitan Police,00BHGP,5,9,9,24,57,14,0,15,1,4,10
2012-07,Metropolitan Police,00BHGS,4,3,13,21,68,11,0,8,2,4,6
2012-07,Metropolitan Police,00BHGR,10,6,13,20,50,5,0,6,1,0,7
2012-07,Metropolitan Police,00AKGN,4,1,15,18,51,8,2,10,5,3,3
2012-07,Metropolitan Police,00AKGM,8,1,7,15,32,4,2,7,2,2,7
2012-07,Metropolitan Police,00AKGL,12,4,8,13,38,11,0,10,0,1,6
2012-07,Metropolitan Police,00AZGF,18,7,41,24,70,9,5,31,11,3,5
2012-07,Metropolitan Police,00AZGG,9,1,10,21,31,7,2,13,3,3,6
2012-07,Metropolitan Police,00AZGD,10,1,26,23,48,11,1,15,5,3,10
2012-07,Metropolitan Police,00AZGE,14,5,4,33,54,10,7,32,7,10,18
2012-07,Metropolitan Police,00AZGJ,14,6,12,33,70,9,0,22,9,9,6
2012-07,Metropolitan Police,00AZGK,10,11,18,22,63,12,3,23,4,4,8
2012-07,Metropolitan Police,00AZGH,11,1,15,18,50,4,1,15,1,2,7
2012-07,Metropolitan Police,00AZGN,19,7,10,22,53,5,0,10,1,5,3
2012-07,Metropolitan Police,00AZGL,18,6,12,16,60,8,5,17,3,2,4
2012-07,Metropolitan Police,00AZGM,4,6,12,22,33,5,3,10,0,3,8
2012-07,Metropolitan Police,00AHGS,13,10,15,27,61,7,1,13,11,6,14
2012-07,Metropolitan Police,00AZGS,13,6,10,18,56,6,2,9,9,10,4
2012-07,Metropolitan Police,00AZGP,10,4,17,15,47,7,4,4,3,3,3
2012-07,Metropolitan Police,00AZGQ,16,10,17,58,143,21,30,53,10,9,9
2012-07,Metropolitan Police,00AZGW,22,1,13,14,73,13,1,11,4,3,5
2012-07,Metropolitan Police,00AZGT,9,14,9,45,108,14,6,31,9,11,8
2012-07,Metropolitan Police,00AZGU,15,5,10,26,51,17,7,27,3,1,7
2012-07,Metropolitan Police,00AZGX,15,5,9,29,32,15,4,18,8,6,12
2012-07,Metropolitan Police,00BKX8,3,11,11,41,112,7,6,229,62,15,17
2012-07,Metropolitan Police,00BJGC,19,5,14,7,27,3,0,8,1,4,6
2012-07,Metropolitan Police,00BKX2,7,8,5,17,51,10,33,175,20,8,9
2012-07,Metropolitan Police,00BKX1,17,5,16,12,58,8,9,140,3,4,11
2012-07,Metropolitan Police,00BKX7,9,3,5,16,60,6,11,89,63,4,6
2012-07,Metropolitan Police,00BKX6,22,10,18,29,147,9,3,220,47,13,14
2012-07,Metropolitan Police,00BKX5,28,27,9,54,78,18,26,338,68,19,5
2012-07,Metropolitan Police,00BKX4,10,24,5,26,109,9,211,379,14,8,24
2012-07,Metropolitan Police,00AUFZ,6,5,8,46,71,14,6,83,6,9,4
2012-07,Metropolitan Police,00BJGG,19,6,8,29,77,8,2,35,7,5,5
2012-07,Metropolitan Police,00AUFX,5,3,9,29,50,11,12,41,10,19,9
2012-07,Metropolitan Police,00AUFY,23,5,28,32,82,12,11,134,6,10,8
2012-07,Metropolitan Police,00BJGF,20,8,5,25,86,8,15,27,10,10,3
2012-07,Metropolitan Police,00BJGE,15,3,17,19,64,11,0,12,2,2,11
2012-07,Metropolitan Police,00BJGD,22,5,26,28,55,13,7,38,9,6,8
2012-07,Metropolitan Police,00BJGB,16,3,18,20,48,5,3,20,3,4,11
2012-07,Metropolitan Police,00APGT,21,7,22,23,67,7,0,16,4,3,6
2012-07,Metropolitan Police,00APGU,15,4,23,21,59,5,3,23,3,8,8
2012-07,Metropolitan Police,00APGP,10,1,14,10,41,5,1,7,6,0,2
2012-07,Metropolitan Police,00APGQ,20,18,23,36,100,11,12,41,10,3,9
2012-07,Metropolitan Police,00APGR,18,4,17,24,65,7,3,27,9,6,18
2012-07,Metropolitan Police,00APGS,3,7,17,22,37,11,0,11,5,3,3
2012-07,Metropolitan Police,00APGL,17,8,22,40,82,12,4,19,19,7,9
2012-07,Metropolitan Police,00APGM,9,8,26,21,73,14,0,23,9,4,1
2012-07,Metropolitan Police,00APGN,12,6,24,17,72,8,6,27,6,3,9
2012-07,Metropolitan Police,00APGH,14,4,8,22,29,12,1,11,6,8,9
2012-07,Metropolitan Police,00BJGA,17,4,14,15,43,3,3,15,3,7,6
2012-07,Metropolitan Police,00APGJ,18,2,25,9,17,4,6,14,4,1,1
2012-07,Metropolitan Police,00APGK,10,12,24,51,75,12,35,77,17,3,15
2012-07,Metropolitan Police,00APGD,25,2,25,9,26,4,1,25,1,2,6
2012-07,Metropolitan Police,00APGE,15,1,11,6,20,4,0,11,3,0,5
2012-07,Metropolitan Police,00APGF,25,8,11,23,61,6,2,29,6,3,11
2012-07,Metropolitan Police,00APGG,20,3,22,3,27,3,0,17,2,2,7
2012-07,Metropolitan Police,00APGA,15,4,12,6,23,6,0,15,0,0,2
2012-07,Metropolitan Police,00APGB,9,4,19,10,66,4,2,22,3,0,14
2012-07,Metropolitan Police,00APGC,10,5,27,24,65,9,0,10,8,7,3
2012-07,Metropolitan Police,00AQFZ,12,3,10,15,30,6,0,5,0,4,3
2012-07,Metropolitan Police,00AQFY,13,0,11,3,27,5,0,10,4,3,4
2012-07,Metropolitan Police,00BKGN,15,6,7,19,49,3,1,15,2,4,3
2012-07,Metropolitan Police,00BHGC,11,8,35,20,41,16,1,25,9,1,10
2012-07,Metropolitan Police,00BHGB,14,1,15,10,16,3,0,5,1,2,1
2012-07,Metropolitan Police,00AXGE,6,0,2,5,11,6,1,2,0,0,0
2012-07,Metropolitan Police,00BHGH,15,1,11,18,47,10,3,11,7,2,0
2012-07,Metropolitan Police,00BHGK,14,1,14,24,26,7,1,19,4,1,4
2012-07,Metropolitan Police,00BHGJ,7,6,19,36,77,11,2,23,8,2,6
2012-07,Metropolitan Police,00BHGM,9,6,29,31,74,12,7,42,6,4,12
2012-07,Metropolitan Police,00BJFZ,14,6,20,11,55,3,13,38,0,2,5
2012-07,Metropolitan Police,00BHGN,8,2,23,25,73,6,12,27,1,5,7
2012-07,Metropolitan Police,00BCFY,7,1,10,9,40,3,19,17,12,6,19
2012-07,Metropolitan Police,00BKGS,12,6,6,19,125,9,2,53,21,10,8
2012-07,Metropolitan Police,00BCFZ,9,2,14,11,20,3,0,8,7,3,4
2012-07,Metropolitan Police,00BKGF,6,4,11,19,62,13,3,17,3,1,4
2012-07,Metropolitan Police,00BKGG,20,6,13,23,142,8,7,118,9,2,20
2012-07,Metropolitan Police,00ACFX,11,6,13,13,29,2,2,8,5,3,7
2012-07,Metropolitan Police,00ACFY,9,3,13,32,61,6,3,17,2,4,6
2012-07,Metropolitan Police,00ACFZ,27,2,29,32,129,15,8,23,4,6,41
2012-07,Metropolitan Police,00AJHB,9,6,11,18,57,4,6,25,4,15,6
2012-07,Metropolitan Police,00AJHA,5,4,33,10,39,6,1,14,3,3,4
2012-07,Metropolitan Police,00ABGJ,19,1,9,20,31,6,0,16,6,2,4
2012-07,Metropolitan Police,00ABGK,11,3,11,26,43,7,1,11,2,4,1
2012-07,Metropolitan Police,00ABGH,8,3,9,24,33,10,0,8,1,5,6
2012-07,Metropolitan Police,00ABGN,14,3,10,15,50,10,4,13,4,9,9
2012-07,Metropolitan Police,00ABGL,10,4,34,20,52,17,8,32,4,2,3
2012-07,Metropolitan Police,00ABGM,7,4,15,9,40,1,1,7,0,2,1
2012-07,Metropolitan Police,00ABGB,5,1,7,10,40,9,0,9,5,0,3
2012-07,Metropolitan Police,00ABGC,14,2,5,15,37,4,1,8,5,9,9
2012-07,Metropolitan Police,00ABGA,18,2,25,20,42,9,5,5,0,3,5
2012-07,Metropolitan Police,00ABGF,9,3,8,22,60,14,1,14,3,4,5
2012-07,Metropolitan Police,00ABGG,2,2,13,10,25,5,3,7,6,2,2
2012-07,Metropolitan Police,00ABGD,15,2,14,29,33,6,5,22,11,2,22
2012-07,Metropolitan Police,00ABGE,7,6,3,14,45,10,1,10,2,1,6
2012-07,Metropolitan Police,00ABGP,7,1,9,9,48,4,0,12,4,2,3
2012-07,Metropolitan Police,00BKGC,46,17,22,21,64,7,18,97,7,10,24
2012-07,Metropolitan Police,00BDGE,15,3,21,3,25,5,5,16,1,2,5
2012-07,Metropolitan Police,00AZGR,13,23,22,28,103,11,3,47,16,26,7
2012-07,Metropolitan Police,00BDGG,10,3,13,9,21,3,1,9,4,0,5
2012-07,Metropolitan Police,00BDGF,11,2,12,13,28,7,1,18,3,0,4
2012-07,Metropolitan Police,00BDGA,8,0,3,15,40,6,0,14,3,1,5
2012-07,Metropolitan Police,00BDGC,11,0,4,15,26,6,0,12,6,2,4
2012-07,Metropolitan Police,00BDGB,7,1,6,7,35,8,1,14,1,6,4
2012-07,Metropolitan Police,00BDGM,8,0,2,11,26,5,6,29,4,5,4
2012-07,Metropolitan Police,00BDGL,5,0,5,11,23,3,5,14,4,2,1
2012-07,Metropolitan Police,00BDGN,12,1,3,12,26,7,1,14,0,0,1
2012-07,Metropolitan Police,00BDGH,11,0,7,4,26,2,0,11,0,2,1
2012-07,Metropolitan Police,00BDGK,4,2,2,0,39,2,0,6,2,0,2
2012-07,Metropolitan Police,00BDGJ,5,2,12,14,55,5,18,48,6,4,6
2012-07,Metropolitan Police,00BFGC,3,2,8,14,32,5,0,9,0,2,3
2012-07,Metropolitan Police,00BFGG,6,1,7,14,27,11,0,5,0,2,3
2012-07,Metropolitan Police,00BDGP,11,0,4,4,25,7,3,10,5,6,2
2012-07,Metropolitan Police,00BFGE,6,0,5,6,13,3,0,5,2,1,2
2012-07,Metropolitan Police,00BFGD,6,1,18,14,49,3,2,5,4,7,3
2012-07,Metropolitan Police,00BFGK,6,3,10,24,37,10,1,12,3,3,4
2012-07,Metropolitan Police,00BFGJ,10,2,7,5,29,5,3,10,0,3,7
2012-07,Metropolitan Police,00BFGH,9,0,4,11,14,2,3,7,2,0,2
2012-07,Metropolitan Police,00BFGN,6,0,8,16,23,7,1,6,3,2,2
2012-07,Metropolitan Police,00BFGM,11,6,5,43,79,8,34,31,20,8,7
2012-07,Metropolitan Police,00BFGL,5,0,5,14,20,9,6,4,2,5,4
2012-07,Metropolitan Police,00AQGU,7,0,5,8,29,2,0,6,0,3,3
2012-07,Metropolitan Police,00AQGT,8,1,15,15,59,5,3,11,5,4,7
2012-07,Metropolitan Police,00AQGQ,14,2,4,20,69,11,0,12,8,2,2
2012-07,Metropolitan Police,00AQGP,9,1,3,10,26,2,0,4,0,0,1
2012-07,Metropolitan Police,00AQGS,9,1,12,8,41,9,4,10,2,2,4
2012-07,Metropolitan Police,00AQGR,11,4,7,19,37,4,0,8,3,5,7
2012-07,Metropolitan Police,00AQGE,9,1,9,9,18,9,1,5,0,2,3
2012-07,Metropolitan Police,00AQGD,7,5,7,11,28,13,2,6,3,0,0
2012-07,Metropolitan Police,00AQGG,4,1,9,14,22,1,0,4,3,0,6
2012-07,Metropolitan Police,00AQGF,4,0,4,6,23,4,0,10,1,1,0
2012-07,Metropolitan Police,00AQGA,9,4,7,10,62,5,4,10,1,2,4
2012-07,Metropolitan Police,00AQGC,10,2,10,19,47,1,2,11,1,1,12
2012-07,Metropolitan Police,00AQGB,9,6,6,20,91,18,18,34,8,7,10
2012-07,Metropolitan Police,00AQGM,3,1,7,6,15,1,0,3,5,1,2
2012-07,Metropolitan Police,00AQGL,6,0,3,9,20,5,0,7,1,5,2
2012-07,Metropolitan Police,00AQGN,14,1,9,17,18,2,0,9,2,2,9
2012-07,Metropolitan Police,00AQGH,7,3,8,9,13,1,0,3,1,0,3
2012-07,Metropolitan Police,00AQGK,6,3,13,16,39,9,1,13,11,8,5
2012-07,Metropolitan Police,00AQGJ,8,1,5,9,14,4,1,5,0,0,5
2012-07,Metropolitan Police,00ADGP,5,3,8,9,23,8,5,8,4,0,3
2012-07,Metropolitan Police,00ADGQ,6,0,13,3,20,9,0,10,4,1,4
2012-07,Metropolitan Police,00ADGR,14,3,15,15,81,9,3,6,3,5,5
2012-07,Metropolitan Police,00ADGS,4,2,1,16,25,4,1,4,2,0,1
2012-07,Metropolitan Police,00ADGT,5,0,5,6,17,3,0,6,2,0,2
2012-07,Metropolitan Police,00ADGU,1,0,3,5,23,3,0,1,1,1,2
2012-07,Metropolitan Police,00ADGW,10,3,6,11,33,10,3,5,3,0,4
2012-07,Metropolitan Police,00ADGX,10,0,14,21,51,11,0,4,7,2,4
2012-07,Metropolitan Police,00BKGL,10,2,22,15,52,19,1,25,4,0,11
2012-07,Metropolitan Police,00BKGM,14,9,14,9,62,0,6,96,2,3,11
2012-07,Metropolitan Police,00BKGJ,23,10,17,15,79,10,6,107,27,6,17
2012-07,Metropolitan Police,00BKGK,14,9,7,19,36,8,3,39,4,8,5
2012-07,Metropolitan Police,00BKGH,18,15,9,15,35,6,7,231,26,4,15
2012-07,Metropolitan Police,00ADGA,8,1,5,9,31,7,0,4,1,2,3
2012-07,Metropolitan Police,00ADGB,12,1,9,17,71,9,4,9,3,0,3
2012-07,Metropolitan Police,00ADGC,2,0,2,4,17,2,0,5,0,1,1
2012-07,Metropolitan Police,00ADGD,4,0,6,4,16,6,3,8,2,1,5
2012-07,Metropolitan Police,00ADGE,2,0,6,6,17,2,6,4,0,2,3
2012-07,Metropolitan Police,00ADGF,5,4,8,12,45,10,26,20,7,2,7
2012-07,Metropolitan Police,00ADGG,4,0,12,20,34,5,0,4,4,1,0
2012-07,Metropolitan Police,00ADGH,12,0,14,12,38,15,7,7,3,4,1
2012-07,Metropolitan Police,00ADGJ,10,2,6,4,32,6,1,8,2,2,2
2012-07,Metropolitan Police,00ADGK,7,1,5,12,30,7,4,7,5,0,1
2012-07,Metropolitan Police,00ADGL,8,3,2,8,46,9,1,6,5,1,6
2012-07,Metropolitan Police,00ADGM,10,1,5,11,48,4,4,12,5,3,7
2012-07,Metropolitan Police,00ADGN,6,1,3,5,15,8,2,8,0,0,6
2012-07,Metropolitan Police,00AXGC,7,0,2,6,30,1,1,11,5,1,4
2012-07,Metropolitan Police,00BKX3,32,26,39,38,114,17,31,262,28,7,31
2012-07,Metropolitan Police,00AWGB,12,6,6,8,53,8,18,57,2,3,4
2012-07,Metropolitan Police,00ASGZ,13,3,10,15,73,10,3,29,12,2,4
2012-07,Metropolitan Police,00ASGG,16,7,12,28,66,7,2,13,6,7,5
2012-07,Metropolitan Police,00ASGK,4,0,8,11,33,1,0,8,1,0,1
2012-07,Metropolitan Police,00ASGJ,13,3,10,17,49,8,6,14,6,10,5
2012-07,Metropolitan Police,00ASGH,22,2,11,33,66,9,3,33,11,6,4
2012-07,Metropolitan Police,00ASGN,8,2,5,8,56,20,0,5,2,0,0
2012-07,Metropolitan Police,00ASGM,4,4,7,7,20,2,1,4,1,3,1
2012-07,Metropolitan Police,00ASGL,12,1,8,10,39,3,6,4,3,3,2
2012-07,Metropolitan Police,00ASGS,6,3,6,15,20,6,4,1,2,0,3
2012-07,Metropolitan Police,00ASGR,4,0,4,6,25,2,2,7,1,5,0
2012-07,Metropolitan Police,00ASGQ,5,2,7,14,34,4,5,10,0,4,6
2012-07,Metropolitan Police,00ASGP,12,1,23,34,177,17,20,109,10,28,32
2012-07,Metropolitan Police,00ASGW,7,1,21,17,52,8,0,15,2,7,9
2012-07,Metropolitan Police,00ASGU,5,2,10,9,24,4,0,3,0,0,0
2012-07,Metropolitan Police,00ASGT,4,0,4,6,16,2,0,5,2,0,2
2012-07,Metropolitan Police,00AHHE,8,3,13,35,75,9,0,21,10,3,6
2012-07,Metropolitan Police,00AHHD,15,12,12,24,54,9,5,36,15,7,18
2012-07,Metropolitan Police,00ASGY,11,11,25,27,81,10,16,27,17,5,10
2012-07,Metropolitan Police,00ASGX,13,1,13,13,29,4,0,10,2,4,11
2012-07,Metropolitan Police,00AHHA,12,5,19,34,101,20,3,13,6,5,10
2012-07,Metropolitan Police,00AHHC,16,6,21,24,80,9,3,20,5,4,9
2012-07,Metropolitan Police,00AHHB,13,9,10,10,26,10,2,10,2,2,2
2012-07,Metropolitan Police,00AUGH,19,4,9,37,84,6,12,24,4,6,7
2012-07,Metropolitan Police,00AUGK,10,5,13,12,47,4,1,19,3,3,3
2012-07,Metropolitan Police,00AUGJ,6,11,20,17,47,12,0,36,3,7,2
2012-07,Metropolitan Police,00AUGM,8,9,14,24,73,9,4,95,11,11,7
2012-07,Metropolitan Police,00AUGL,17,9,11,32,98,13,17,117,9,12,4
2012-07,Metropolitan Police,00AUGN,10,3,17,20,46,8,6,30,3,9,6
2012-07,Metropolitan Police,00AUGA,11,1,16,16,41,5,4,37,2,3,3
2012-07,Metropolitan Police,00AUGC,15,16,9,52,77,12,7,73,9,18,7
2012-07,Metropolitan Police,00AUGB,13,6,26,14,100,10,5,130,20,6,7
2012-07,Metropolitan Police,00AUGE,7,8,15,25,52,4,3,44,4,5,5
2012-07,Metropolitan Police,00AUGD,11,10,21,23,42,5,1,31,5,4,2
2012-07,Metropolitan Police,00AUGG,12,14,9,26,97,13,3,38,3,8,2
2012-07,Metropolitan Police,00AUGF,9,2,13,16,52,5,1,11,4,10,5
2012-07,Metropolitan Police,00BBGT,10,2,11,21,62,8,3,32,5,2,3
2012-07,Metropolitan Police,00BBGS,12,9,7,36,78,11,1,32,9,4,12
2012-07,Metropolitan Police,00BBGR,7,13,13,28,59,17,0,13,0,3,6
2012-07,Metropolitan Police,00BAGP,3,0,5,18,39,6,21,20,3,5,2
2012-07,Metropolitan Police,00BAGQ,6,0,15,5,18,4,1,13,1,0,4
2012-07,Metropolitan Police,00BAGR,8,1,8,4,29,5,5,6,1,0,7
2012-07,Metropolitan Police,00BAGS,8,2,14,8,18,4,4,8,2,0,4
2012-07,Metropolitan Police,00BBGP,13,5,18,30,104,8,1,14,9,3,11
2012-07,Metropolitan Police,00BFGR,7,0,7,14,19,4,2,3,0,3,2
2012-07,Metropolitan Police,00BAGA,13,0,11,17,53,12,0,3,6,1,7
2012-07,Metropolitan Police,00BAGB,7,1,1,5,16,4,10,14,4,0,0
2012-07,Metropolitan Police,00BAGC,5,6,4,19,48,6,10,14,2,3,3
2012-07,Metropolitan Police,00BAGD,5,5,12,12,49,4,1,6,12,6,3
2012-07,Metropolitan Police,00BAGE,5,0,5,7,13,1,6,27,5,6,4
2012-07,Metropolitan Police,00BAGF,5,2,5,8,24,7,0,14,3,1,3
2012-07,Metropolitan Police,00BAGG,5,5,5,12,39,4,0,3,4,1,5
2012-07,Metropolitan Police,00BAGH,7,0,2,10,20,11,0,5,0,0,2
2012-07,Metropolitan Police,00BAGJ,6,4,12,10,50,5,6,8,8,3,1
2012-07,Metropolitan Police,00BAGK,6,8,13,20,38,11,0,9,7,1,3
2012-07,Metropolitan Police,00BAGL,3,5,11,23,28,5,0,5,4,2,2
2012-07,Metropolitan Police,00BAGM,6,0,10,5,20,1,2,15,0,1,3
2012-07,Metropolitan Police,00BAGN,5,1,4,9,38,7,0,9,5,4,1
2012-07,Metropolitan Police,00ACGS,19,7,18,16,62,5,17,27,6,2,20
2012-07,Metropolitan Police,00ACGR,14,3,13,13,39,2,4,10,2,3,8
2012-07,Metropolitan Police,00ACGQ,15,3,11,6,51,8,1,18,7,2,11
2012-07,Metropolitan Police,00ACGP,17,3,17,11,38,9,1,9,1,0,5
2012-07,Metropolitan Police,00ACGT,14,8,15,21,66,12,8,20,11,1,11
2012-07,Metropolitan Police,00BFGQ,2,0,7,8,17,6,0,3,3,6,2
2012-07,Metropolitan Police,00ACGC,24,2,12,12,41,6,2,14,9,1,6
2012-07,Metropolitan Police,00ACGB,16,8,31,18,46,8,14,23,1,5,11
2012-07,Metropolitan Police,00ACGA,9,6,16,24,69,25,2,13,4,3,23
2012-07,Metropolitan Police,00ACGG,24,0,40,11,35,1,0,15,0,4,6
2012-07,Metropolitan Police,00ACGF,16,1,20,14,26,8,0,9,3,6,8
2012-07,Metropolitan Police,00ACGE,15,1,14,14,68,7,3,32,1,5,20
2012-07,Metropolitan Police,00ACGD,6,6,14,13,65,7,5,14,2,7,6
2012-07,Metropolitan Police,00ACGK,12,9,16,7,48,11,2,19,5,5,14
2012-07,Metropolitan Police,00ACGJ,12,11,21,13,40,3,0,7,2,1,7
2012-07,Metropolitan Police,00ACGH,20,2,23,13,54,8,8,23,2,3,12
2012-07,Metropolitan Police,00ACGN,17,1,18,13,31,7,3,13,2,4,7
2012-07,Metropolitan Police,00ACGM,26,13,14,17,50,2,12,24,4,1,11
2012-07,Metropolitan Police,00ACGL,14,9,10,11,40,3,9,26,5,4,12
2012-07,Metropolitan Police,00BKGT,6,3,7,12,51,2,4,29,3,1,4
2012-07,Metropolitan Police,00AYGD,16,24,13,52,112,12,4,76,17,19,12
2012-07,Metropolitan Police,00AYGG,15,10,13,23,62,12,1,49,3,10,3
2012-07,Metropolitan Police,00BGGJ,10,6,19,7,63,9,2,39,5,3,3
2012-07,Metropolitan Police,00BGGK,9,5,10,23,85,5,1,30,8,9,6
2012-07,Metropolitan Police,00BGGH,16,8,14,32,112,12,1,15,15,5,6
2012-07,Metropolitan Police,00AYGF,16,6,7,33,51,15,0,13,1,2,5
2012-07,Metropolitan Police,00BGGN,10,5,28,29,149,19,0,45,16,12,7
2012-07,Metropolitan Police,00BGGL,19,6,10,32,110,13,5,127,44,11,11
2012-07,Metropolitan Police,00BGGM,19,10,18,35,133,19,4,68,30,11,2
2012-07,Metropolitan Police,00BGGB,9,4,10,30,113,9,1,15,8,1,9
2012-07,Metropolitan Police,00AYGA,10,19,11,26,56,5,2,20,7,2,9
2012-07,Metropolitan Police,00BGGA,18,7,10,32,105,12,0,38,16,3,7
2012-07,Metropolitan Police,00BGGF,12,12,8,26,109,13,3,41,8,3,9
2012-07,Metropolitan Police,00BGGG,6,1,13,40,95,11,28,61,10,9,11
2012-07,Metropolitan Police,00BGGD,21,5,16,29,100,12,1,21,4,8,5
2012-07,Metropolitan Police,00BGGE,12,2,5,21,77,14,1,28,3,7,4
2012-07,Metropolitan Police,00AHGT,22,3,20,18,37,13,4,14,1,2,7
2012-07,Metropolitan Police,00ANGG,14,6,20,47,86,20,26,67,14,11,12
2012-07,Metropolitan Police,00ANGD,9,3,11,23,43,11,3,23,8,6,16
2012-07,Metropolitan Police,00AHGW,22,18,23,40,128,15,4,27,19,6,13
2012-07,Metropolitan Police,00ANGB,8,1,24,22,55,6,6,16,17,4,4
2012-07,Metropolitan Police,00ANGC,12,3,18,21,33,7,1,22,2,1,4
2012-07,Metropolitan Police,00AHGR,4,4,11,17,44,12,6,13,4,6,6
2012-07,Metropolitan Police,00ANGA,12,4,8,14,37,10,6,26,8,3,13
2012-07,Metropolitan Police,00ANGN,15,0,14,13,33,5,4,30,7,10,4
2012-07,Metropolitan Police,00ANGL,13,2,22,21,30,4,3,33,8,9,4
2012-07,Metropolitan Police,00ANGM,14,8,24,12,54,12,3,27,3,9,11
2012-07,Metropolitan Police,00ANGJ,9,6,13,22,39,6,1,17,8,4,4
2012-07,Metropolitan Police,00AHGY,5,0,4,17,39,8,1,6,1,1,0
2012-07,Metropolitan Police,00ANGH,9,2,12,6,20,3,1,14,2,1,1
2012-07,Metropolitan Police,00AHGE,16,2,15,28,56,4,3,15,6,0,13
2012-07,Metropolitan Police,00AHGF,6,4,6,21,46,8,7,5,5,6,2
2012-07,Metropolitan Police,00AHGG,17,12,16,27,45,7,0,21,4,2,10
2012-07,Metropolitan Police,00ANGR,6,2,7,20,62,13,2,6,14,8,3
2012-07,Metropolitan Police,00ANGP,10,12,20,37,93,16,61,122,20,13,18
2012-07,Metropolitan Police,00ANGQ,12,2,17,15,60,5,11,31,10,6,6
2012-07,Metropolitan Police,00AHGL,16,1,10,15,39,5,2,23,8,1,8
2012-07,Metropolitan Police,00AHGM,28,21,16,68,170,20,38,69,29,23,17
2012-07,Metropolitan Police,00AHGN,6,2,6,31,44,10,5,7,4,5,4
2012-07,Metropolitan Police,00AHGH,17,27,28,49,117,19,56,44,19,15,18
2012-07,Metropolitan Police,00AHGJ,7,1,4,8,30,7,0,6,0,2,2
2012-07,Metropolitan Police,00AHGK,14,1,9,9,24,12,5,7,1,1,7
2012-07,Metropolitan Police,00ARGR,20,8,17,56,128,18,25,90,16,15,10
2012-07,Metropolitan Police,00ARGS,14,2,18,5,49,9,5,22,3,2,7
2012-07,Metropolitan Police,00ARGP,12,3,10,8,19,2,1,6,7,1,5
2012-07,Metropolitan Police,00ARGQ,10,4,8,10,40,14,7,11,7,2,11
2012-07,Metropolitan Police,00ARGW,17,0,19,5,27,2,3,11,2,0,5
2012-07,Metropolitan Police,00ARGT,11,1,16,13,35,7,1,10,3,3,7
2012-07,Metropolitan Police,00ARGU,6,5,11,9,31,8,0,6,3,2,3
2012-07,Metropolitan Police,00ARGJ,11,2,15,11,33,4,2,20,4,7,5
2012-07,Metropolitan Police,00ARGK,7,0,15,22,24,7,0,1,5,3,2
2012-07,Metropolitan Police,00ARGH,12,0,15,5,15,0,1,2,0,1,1
2012-07,Metropolitan Police,00ARGN,12,2,7,4,39,9,3,6,4,3,5
2012-07,Metropolitan Police,00ARGL,12,1,7,12,33,9,2,8,5,4,5
2012-07,Metropolitan Police,00ARGM,6,2,13,6,32,0,9,9,2,2,1
2012-07,Metropolitan Police,00ARGC,8,0,25,19,76,8,3,16,8,3,2
2012-07,Metropolitan Police,00ARGF,4,0,5,6,17,4,0,12,0,0,5
2012-07,Metropolitan Police,00ARGG,13,5,3,22,71,15,2,9,4,5,7
2012-07,Metropolitan Police,00ARGD,4,1,6,3,26,2,0,6,2,0,1
2012-07,Metropolitan Police,00ARGE,15,0,10,6,36,4,2,18,3,2,1
2012-07,Metropolitan Police,00AEGY,10,8,9,12,61,14,3,37,10,6,7
2012-07,Metropolitan Police,00AEGX,16,11,10,17,35,8,0,8,4,3,11
2012-07,Metropolitan Police,00BJGM,18,5,17,16,47,14,2,35,8,9,11
2012-07,Metropolitan Police,00AEGZ,12,9,8,22,58,8,5,15,3,4,10
2012-07,Metropolitan Police,00BJGK,12,6,15,14,71,10,1,41,6,5,8
2012-07,Metropolitan Police,00BJGJ,12,4,18,14,43,3,19,56,5,2,4
2012-07,Metropolitan Police,00BJGH,15,6,14,16,29,4,8,23,2,4,15
2012-07,Metropolitan Police,00AEGQ,21,7,17,47,88,12,5,17,31,9,7
2012-07,Metropolitan Police,00AEGP,7,4,22,16,76,4,0,13,10,4,8
2012-07,Metropolitan Police,00AEGS,11,2,6,8,16,3,7,6,6,6,3
2012-07,Metropolitan Police,00AEGR,12,7,17,34,77,9,0,21,17,10,8
2012-07,Metropolitan Police,00AEGU,15,4,10,26,57,6,2,10,8,4,5
2012-07,Metropolitan Police,00AEGT,16,9,22,23,84,7,7,24,25,10,11
2012-07,Metropolitan Police,00AEGW,13,4,5,11,28,7,0,10,5,6,5
2012-07,Metropolitan Police,00AEGK,9,5,16,23,49,7,4,16,14,10,8
2012-07,Metropolitan Police,00AEGJ,25,8,14,20,50,7,2,11,3,7,9
2012-07,Metropolitan Police,00AEGM,13,3,20,15,37,5,0,8,12,1,5
2012-07,Metropolitan Police,00AEGL,11,3,10,11,33,2,0,14,40,2,5
2012-07,Metropolitan Police,00AEGN,9,14,20,33,42,10,2,10,16,15,5
2012-07,Metropolitan Police,00BJGU,17,0,7,12,34,6,0,20,1,2,2
2012-07,Metropolitan Police,00BJGT,13,0,17,22,42,6,0,13,1,4,7
2012-07,Metropolitan Police,00BJGS,27,6,14,14,42,3,0,18,2,2,5
2012-07,Metropolitan Police,00BJGR,17,4,12,39,65,12,5,32,6,7,7
2012-07,Metropolitan Police,00BJGQ,27,3,23,17,40,6,8,44,3,5,5
2012-07,Metropolitan Police,00BJGP,19,2,21,11,37,17,10,21,2,1,3
2012-07,Metropolitan Police,00AFHB,6,1,10,4,21,3,1,4,0,1,2
2012-07,Metropolitan Police,00AFHA,4,1,4,1,7,0,0,4,1,2,3
2012-07,Metropolitan Police,00AWFY,4,1,9,8,16,4,6,22,4,2,7
2012-07,Metropolitan Police,00AWFZ,22,6,10,17,53,4,33,112,2,4,33
2012-07,Metropolitan Police,00AXGD,7,2,7,9,27,4,0,16,1,1,2
2012-07,Metropolitan Police,00ABFY,10,1,5,17,39,11,2,10,8,2,1
2012-07,Metropolitan Police,00AXGF,10,3,8,57,98,12,53,106,9,10,10
2012-07,Metropolitan Police,00AXGG,5,3,3,11,58,7,3,7,2,4,2
2012-07,Metropolitan Police,00AYFZ,13,8,8,46,119,6,3,134,14,15,7
2012-07,Metropolitan Police,00AXGA,8,1,3,8,30,3,3,13,4,0,3
2012-07,Metropolitan Police,00AXGB,3,0,0,13,21,3,2,3,0,2,1
2012-07,Metropolitan Police,00ABFX,8,11,14,33,102,9,28,57,14,5,4
2012-07,Metropolitan Police,00AXGL,2,1,0,4,16,7,0,6,0,0,2
2012-07,Metropolitan Police,00AXGM,15,1,6,9,24,4,1,9,1,1,3
2012-07,Metropolitan Police,00AXGN,3,1,4,8,21,4,0,6,1,1,1
2012-07,Metropolitan Police,00AXGH,6,0,1,8,19,1,0,3,1,1,2
2012-07,Metropolitan Police,00AXGJ,5,1,4,7,21,2,0,2,0,3,3
2012-07,Metropolitan Police,00AXGK,3,2,1,5,22,4,4,7,2,5,1
2012-07,Metropolitan Police,00ABFZ,17,0,4,19,40,1,3,13,3,2,7
2012-07,Metropolitan Police,00ATGA,18,2,31,15,19,6,1,27,4,2,1
2012-07,Metropolitan Police,00ATGB,16,2,18,12,28,1,0,12,6,0,2
2012-07,Metropolitan Police,00ATGC,16,1,5,21,54,7,1,12,10,3,5
2012-07,Metropolitan Police,00ATGD,11,0,19,28,55,6,2,20,4,3,4
2012-07,Metropolitan Police,00ATGE,9,4,9,36,83,14,10,16,17,11,5
2012-07,Metropolitan Police,00ATGF,13,10,9,17,48,9,2,9,1,3,6
2012-07,Metropolitan Police,00ATGG,6,4,9,31,58,9,1,17,5,3,6
2012-07,Metropolitan Police,00ATGH,11,3,11,23,55,7,0,10,4,4,5
2012-07,Metropolitan Police,00ATGJ,4,5,12,17,50,6,1,13,7,4,6
2012-07,Metropolitan Police,00ATGK,7,2,8,23,57,3,18,28,6,5,27
2012-07,Metropolitan Police,00ATGL,24,7,4,33,100,17,50,48,21,17,23
2012-07,Metropolitan Police,00ATGM,14,7,12,27,90,14,2,17,13,11,28
2012-07,Metropolitan Police,00ATGN,12,0,5,8,20,5,0,4,3,0,2
2012-07,Metropolitan Police,00ATGP,14,10,3,29,63,14,8,27,8,16,5
2012-07,Metropolitan Police,00ATGQ,5,3,12,11,50,7,4,10,7,2,2
2012-07,Metropolitan Police,00ATGR,8,1,14,14,31,4,6,8,6,3,2
2012-07,Metropolitan Police,00ATGS,14,1,8,25,53,11,5,25,3,4,2
2012-07,Metropolitan Police,00ATGT,16,4,29,25,44,12,17,36,9,7,9
